Intents,Sentences
wait,Nog even wachten
,Ik ben er bijna!
,Ik zoek nog even een beter plekje.
,Wacht nog even.
,Ik ben er bijna!
,Ik zoek nog even een beter plekje.
,Nog even wachten
,Wacht nog even.
clear,Duidelijk
,Dat is duidelijk.
,Dat is duidelijk voor mij.
,Duidelijk
,Dat is duidelijk voor mij.
,Dat is duidelijk.
start,Begin
,Laten we meteen van start gaan.
,Start maar gewoon.
,Start maar.
,Start.
,Begin maar.
,Laten we meteen van start gaan.
,Begin maar.
,Start maar.
,Start.
,Begin
,Start maar gewoon.
far,Mijn borsten staan ver uit elkaar.
,Er is vrij veel ruimte tussen mijn borsten.
,Ver uit elkaar.
,Verder uit elkaar.
,Mijn borsten staan eerder verder uit elkaar.
,Er is veel ruimte tussen mijn borsten.
,Er is vrij veel ruimte tussen mijn borsten.
,Verder uit elkaar.
,Mijn borsten staan ver uit elkaar.
,Ver uit elkaar.
,Mijn borsten staan eerder verder uit elkaar.
,Er is veel ruimte tussen mijn borsten.
privacy,Ik heb helemaal alleen.
,Ik ben alleen.
,Ik heb privacy.
,Ik heb voldoende privacy.
,Ik ben alleen.
,Ik heb privacy.
,Ik heb helemaal alleen.
,Ik heb voldoende privacy.
more info,Geef me nog wat info.
,Ik begrijp het niet.
,Kan je mij meer info geven?
,Ik wil meer info.
,Geef me nog wat informatie.
,Meer info.
,Meer info.
,Ik begrijp het niet.
,Geef me nog wat informatie.
,Geef me nog wat info.
,Kan je mij meer info geven?
,Ik wil meer info.
easy,Ik wil vooral dat hij makkelijk is.
,Het moet makkelijk zijn.
,Ik vind comfort belangrijk.
,Dat hij comfortabel is.
,Dat hij comfortabel zit.
,Comfort is voor mij het belangrijkste.
,Hij moet comfortabel zijn.
,Ik wil dat hij goed zit.
,Hoe moet goed zitten.
,Ik wil dat hij goed zit.
,Ik wil vooral dat hij makkelijk is.
,Het moet makkelijk zijn.
,Dat hij comfortabel is.
,Hij moet comfortabel zijn.
,Ik vind comfort belangrijk.
,Dat hij comfortabel zit.
,Comfort is voor mij het belangrijkste.
,Hoe moet goed zitten.
brand-preference,Mijn favoriet bh merk is Marie Jo.
,Ik wil graag Prima Donna Twist!
,Ik vind Prima Donna het beste.
,Ik hou wel van Marie-Jo.
,Mijn favoriet bh merk is Marie Jo.
,Ik hou wel van Marie-Jo.
,Ik wil graag Prima Donna Twist!
,Ik vind Prima Donna het beste.
single entity,size
,yesno
,hello
,brand
,brand
,yesno
,hello
,size
not ready,Ik vind de spullen niet.
,Ik heb niet genoeg privacy.
,Ik ben niet alleen.
,Heb ik niet.
,Ik heb het niet in huis.
,Ik heb dat niet.
,Ik heb geen hulpmiddelen.
,Ik heb de hulpmiddelen niet.
,Heb ik niet.
,Ik heb niet genoeg privacy.
,Ik heb de hulpmiddelen niet.
,Ik ben niet alleen.
,Ik heb dat niet.
,Ik heb het niet in huis.
,Ik heb geen hulpmiddelen.
,Ik vind de spullen niet.
doubt,Ik ben niet zeker.
,Ik denk het niet.
,Ik dacht van wel.
,Niet zeker.
,Ik denk het.
,Niet zeker.
,Ik ben niet zeker.
,Ik denk het niet.
,Ik dacht van wel.
,Ik denk het.
pretty,Dat mijn man hem mooi vindt.
,Dat hij er mooi uit ziet.
,Dat hij mooi is.
,Dat mijn man hem mooi vindt.
,Dat hij er mooi uit ziet.
,Dat hij mooi is.
full,Vrij vol.
,Mijn bovenborst is vol.
,Eerder vol.
,Eerder vol.
,Mijn bovenborst is vol.
,Vrij vol.
start over,Ik wil opnieuw beginnen.
,Ik wil nog eens.
,Begin opnieuw.
,Ik wil opnieuw.
,Ik wil nog eens.
,Ik wil opnieuw beginnen.
,Ik wil opnieuw.
,Begin opnieuw.
ready,Ga maar verder.
,Klaar!
,Dat is gelukt.
,Verder.
,Gelukt!
,Ik wil verdergaan.
,Ik ben klaar!
,Dat is gelukt.
,Ik ben klaar!
,Klaar!
,Verder.
,Gelukt!
,Ga maar verder.
,Ik wil verdergaan.
questions,Ik wil de quiz doen.
,Geef me de vragenlijst.
,Geef mij de vragenlijst maar.
,Doe maar de vragenlijst.
,Geef mij de quiz.
,Doe maar de vragenlijst.
,Geef mij de vragenlijst maar.
,Geef mij de quiz.
,Geef me de vragenlijst.
,Ik wil de quiz doen.
look around,Ik kijk liever nog even rond.
,Ik wil hier nog even rondkijken.
,Laat me nog even rondkijken.
,Laat me nog even rondkijken.
,Ik wil hier nog even rondkijken.
,Ik kijk liever nog even rond.
collect,Ik heb alles verzameld.
,Ik heb alles in huis.
,Dat heb ik allemaal.
,Dat heb ik!
,Ik heb alles verzameld.
,Dat heb ik allemaal.
,Dat heb ik!
,Ik heb alles in huis.
no email,Liever geen email.
,Ik laat mijn email liever niet achter.
,Ik geef mijn email niet.
,Ik geef mijn email liever niet.
,Dat doe ik liever niet.
,Wil ik niet.
,Dat wil ik niet.
,Dat wil ik niet.
,Wil ik niet.
,Liever geen email.
,Dat doe ik liever niet.
,Ik laat mijn email liever niet achter.
,Ik geef mijn email liever niet.
,Ik geef mijn email niet.
other,Een ander merk.
,Ik hou van andere merken.
,Ik wil een ander merk.
,Iets anders.
,Iets anders.
,Ik wil een ander merk.
,Een ander merk.
,Ik hou van andere merken.
medium,Eerder gemiddeld.
,Er is gemiddeld veel ruimte tussen mijn borsten.
,Gemiddeld vol.
,Gemiddeld vol.
,Er is gemiddeld veel ruimte tussen mijn borsten.
,Eerder gemiddeld.
less full,Niet zo vol.
,Niet vol.
,Helemaal niet vol.
,Helemaal niet vol.
,Niet vol.
,Niet zo vol.
fact,Ik wil nog wel een weetje horen.
,Vertel me nog een weetje.
,Ik ben wel geïnteresseerd in een feitje.
,Ik zou graag nog een feitje horen.
,Vertel me nog een weetje.
,Ik zou graag nog een feitje horen.
,Ik ben wel geïnteresseerd in een feitje.
,Ik wil nog wel een weetje horen.
close,Er is weinig ruimte tussen mijn borsten.
,Ze staan dicht bij mekaar.
,Mijn borsten staan kort bij elkaar.
,Er is weinig ruimte tussen mijn borsten.
,Ze staan dicht bij mekaar.
,Mijn borsten staan kort bij elkaar.
