Intents,Trainingszinnen
new-search,ik wil iets [huren/kopen]
,ik wil een nieuwe woning
,ik zoek een woning
,Ik ben op zoek naar een nieuw [type]
search,Ik wil een huis met 3 slaapkamers en 1 badkamer voor 500000 euro.
,Ik zoek een appartement met 4 slaapkamers voor 300000 euro.
,Ik zou graag een huis in open bebouwing hebben om te huren.
,"Ik ben op zoek naar een studio om te kopen, liefst 2 slaapkamers."
,ik zoek een alleenstaande woning of bungalow in Antwerpen.
,Zoek mij eens een appartement in Leuven voor 300000 euro met minimum 2 slaapkamers.
small-talk,Hoe gaat het met je?
,alles goed?
,hoe voel je je?
,hoe gaat het?
,alles goe
information,geef me wat informatie over [subjects]
,Ik wil meer informatie over [subjects]
,Ik zoek [subjects]
command,leaving_page
,welcome_back
,scroll_detected
yuuuw,yuuw takeover
,yuuw-takeover
lollig,hey daar
,hey daar
,hey daar
new-search,ik wil iets [huren/kopen]
,ik wil een nieuwe woning
,ik zoek een woning
,Ik ben op zoek naar een nieuw [type]
search,Ik wil een huis met 3 slaapkamers en 1 badkamer voor 500000 euro.
,Ik zoek een appartement met 4 slaapkamers voor 300000 euro.
,Ik zou graag een huis in open bebouwing hebben om te huren.
,"Ik ben op zoek naar een studio om te kopen, liefst 2 slaapkamers."
,ik zoek een alleenstaande woning of bungalow in Antwerpen.
,Zoek mij eens een appartement in Leuven voor 300000 euro met minimum 2 slaapkamers.
small-talk,Hoe gaat het met je?
,alles goed?
,hoe voel je je?
,hoe gaat het?
,alles goe
information,geef me wat informatie over [subjects]
,Ik wil meer informatie over [subjects]
,Ik zoek [subjects]
command,leaving_page
,welcome_back
,scroll_detected
yuuuw,yuuw takeover
,yuuw-takeover
lollig,hey daar
,hey daar
,hey daar
